customer_id,driver_id,persona_type,safe_driving_score,mileage_baseline_score,senior_safe_mileage_score,risk_change_score,familiar_zone_score,pattern_change_score,out_zone_behavior_risk,care_trigger_score,zone_buffer_m,living_zone_departure_p90_raw_m,living_zone_departure_p90_threshold_m,living_zone_departure_threshold_sample_count,living_zone_departure_threshold_percentile,baseline_trip_distance_p90_km,baseline_trip_distance_threshold_sample_count,baseline_trip_distance_threshold_percentile,baseline_movement_frequency_p90_per_day,baseline_movement_frequency_threshold_sample_count,baseline_movement_frequency_threshold_percentile,primary_zone_p90_radius_m,living_zone_outside_segment_criteria,living_zone_outside_segment_count,living_zone_outside_segment_ratio,living_zone_outside_segment_km,living_zone_outside_segment_distance_ratio,living_zone_outside_segment_night_ratio,living_zone_outside_segment_speeding_count,living_zone_outside_segment_harsh_accel_count,living_zone_outside_segment_harsh_brake_count,living_zone_outside_segment_sharp_turn_count,living_zone_outside_segment_risk_event_count,living_zone_outside_segment_speeding_per_100km,living_zone_outside_segment_harsh_accel_per_100km,living_zone_outside_segment_harsh_brake_per_100km,living_zone_outside_segment_sharp_turn_per_100km,living_zone_outside_segment_risk_events_per_100km,baseline_living_zone_outside_segment_count,baseline_living_zone_outside_segment_ratio,baseline_living_zone_outside_segment_km,baseline_living_zone_outside_segment_distance_ratio,baseline_living_zone_outside_segment_risk_events_per_100km,baseline_living_zone_outside_segment_night_ratio,living_zone_outside_segment_ratio_delta,living_zone_outside_segment_distance_ratio_delta,living_zone_outside_segment_risk_events_delta_per_100km,living_zone_outside_segment_night_ratio_delta,living_zone_outside_segment_risk_change_score,p90_thresholds_json,outside_living_zone_segments_json,care_trigger,care_decision,decision,reason_1,reason_2,reason_3
cust_001,driver_001,stable_local_low_mileage,99.12,71.35,88.61,6.29,32.83,14.35,6.29,8.83,642.13,642.13,642.13,25,0.9,24.94,25,0.9,1.0,25,0.9,269.09,start_or_end_distance_gt_living_zone_departure_p90_threshold_m,2,0.1538,38.78,0.1354,0.0,0,0,0,0,0,0.0,0.0,0.0,0.0,0.0,3,0.12,56.68,0.1132,0.0,0.0,0.0338,0.0222,0.0,0.0,2.22,"{""zone_buffer_m"":642.13,""living_zone_departure_p90_raw_m"":642.13,""living_zone_departure_p90_threshold_m"":642.13,""living_zone_departure_threshold_sample_count"":25,""living_zone_departure_threshold_percentile"":0.9,""baseline_trip_distance_p90_km"":24.94,""baseline_trip_distance_threshold_sample_count"":25,""baseline_trip_distance_threshold_percentile"":0.9,""baseline_movement_frequency_p90_per_day"":1.0,""baseline_movement_frequency_threshold_sample_count"":25,""baseline_movement_frequency_threshold_percentile"":0.9,""primary_zone_p90_radius_m"":269.09}","{""living_zone_outside_segment_criteria"":""start_or_end_distance_gt_living_zone_departure_p90_threshold_m"",""living_zone_outside_segment_count"":2,""living_zone_outside_segment_ratio"":0.1538,""living_zone_outside_segment_km"":38.78,""living_zone_outside_segment_distance_ratio"":0.1354,""living_zone_outside_segment_night_ratio"":0.0,""living_zone_outside_segment_speeding_count"":0,""living_zone_outside_segment_harsh_accel_count"":0,""living_zone_outside_segment_harsh_brake_count"":0,""living_zone_outside_segment_sharp_turn_count"":0,""living_zone_outside_segment_risk_event_count"":0,""living_zone_outside_segment_speeding_per_100km"":0.0,""living_zone_outside_segment_harsh_accel_per_100km"":0.0,""living_zone_outside_segment_harsh_brake_per_100km"":0.0,""living_zone_outside_segment_sharp_turn_per_100km"":0.0,""living_zone_outside_segment_risk_events_per_100km"":0.0,""baseline_living_zone_outside_segment_count"":3,""baseline_living_zone_outside_segment_ratio"":0.12,""baseline_living_zone_outside_segment_km"":56.68,""baseline_living_zone_outside_segment_distance_ratio"":0.1132,""baseline_living_zone_outside_segment_risk_events_per_100km"":0.0,""baseline_living_zone_outside_segment_night_ratio"":0.0,""living_zone_outside_segment_ratio_delta"":0.0338,""living_zone_outside_segment_distance_ratio_delta"":0.0222,""living_zone_outside_segment_risk_events_delta_per_100km"":0.0,""living_zone_outside_segment_night_ratio_delta"":0.0,""living_zone_outside_segment_risk_change_score"":2.22}",0,우대,우대,Senior Safe Mileage Score가 우대 구간에 있음,생활권 내외 위험변화가 낮음,최근 운전패턴이 평소와 유사함
cust_002,driver_002,stable_local_low_mileage,99.3,73.39,90.36,0.0,34.47,7.69,0.0,3.6,969.84,969.84,969.84,23,0.9,23.39,23,0.9,1.0,23,0.9,569.56,start_or_end_distance_gt_living_zone_departure_p90_threshold_m,0,0.0,0.0,0.0,0.0,0,0,0,0,0,0.0,0.0,0.0,0.0,0.0,3,0.1304,54.55,0.1219,0.0,0.0,-0.1304,-0.1219,0.0,0.0,0.0,"{""zone_buffer_m"":969.84,""living_zone_departure_p90_raw_m"":969.84,""living_zone_departure_p90_threshold_m"":969.84,""living_zone_departure_threshold_sample_count"":23,""living_zone_departure_threshold_percentile"":0.9,""baseline_trip_distance_p90_km"":23.39,""baseline_trip_distance_threshold_sample_count"":23,""baseline_trip_distance_threshold_percentile"":0.9,""baseline_movement_frequency_p90_per_day"":1.0,""baseline_movement_frequency_threshold_sample_count"":23,""baseline_movement_frequency_threshold_percentile"":0.9,""primary_zone_p90_radius_m"":569.56}","{""living_zone_outside_segment_criteria"":""start_or_end_distance_gt_living_zone_departure_p90_threshold_m"",""living_zone_outside_segment_count"":0,""living_zone_outside_segment_ratio"":0.0,""living_zone_outside_segment_km"":0.0,""living_zone_outside_segment_distance_ratio"":0.0,""living_zone_outside_segment_night_ratio"":0.0,""living_zone_outside_segment_speeding_count"":0,""living_zone_outside_segment_harsh_accel_count"":0,""living_zone_outside_segment_harsh_brake_count"":0,""living_zone_outside_segment_sharp_turn_count"":0,""living_zone_outside_segment_risk_event_count"":0,""living_zone_outside_segment_speeding_per_100km"":0.0,""living_zone_outside_segment_harsh_accel_per_100km"":0.0,""living_zone_outside_segment_harsh_brake_per_100km"":0.0,""living_zone_outside_segment_sharp_turn_per_100km"":0.0,""living_zone_outside_segment_risk_events_per_100km"":0.0,""baseline_living_zone_outside_segment_count"":3,""baseline_living_zone_outside_segment_ratio"":0.1304,""baseline_living_zone_outside_segment_km"":54.55,""baseline_living_zone_outside_segment_distance_ratio"":0.1219,""baseline_living_zone_outside_segment_risk_events_per_100km"":0.0,""baseline_living_zone_outside_segment_night_ratio"":0.0,""living_zone_outside_segment_ratio_delta"":-0.1304,""living_zone_outside_segment_distance_ratio_delta"":-0.1219,""living_zone_outside_segment_risk_events_delta_per_100km"":0.0,""living_zone_outside_segment_night_ratio_delta"":0.0,""living_zone_outside_segment_risk_change_score"":0.0}",0,우대,우대,Senior Safe Mileage Score가 우대 구간에 있음,생활권 내외 위험변화가 낮음,최근 운전패턴이 평소와 유사함
cust_003,driver_003,stable_local_low_mileage,97.17,62.2,81.89,23.05,23.47,17.81,23.05,16.65,897.58,897.58,897.58,30,0.9,27.15,30,0.9,1.0,30,0.9,232.35,start_or_end_distance_gt_living_zone_departure_p90_threshold_m,3,0.1875,72.36,0.1914,0.0,0,0,1,0,1,0.0,0.0,1.382,0.0,1.382,3,0.1,71.79,0.106,0.0,0.0,0.0875,0.0855,1.382,0.0,16.32,"{""zone_buffer_m"":897.58,""living_zone_departure_p90_raw_m"":897.58,""living_zone_departure_p90_threshold_m"":897.58,""living_zone_departure_threshold_sample_count"":30,""living_zone_departure_threshold_percentile"":0.9,""baseline_trip_distance_p90_km"":27.15,""baseline_trip_distance_threshold_sample_count"":30,""baseline_trip_distance_threshold_percentile"":0.9,""baseline_movement_frequency_p90_per_day"":1.0,""baseline_movement_frequency_threshold_sample_count"":30,""baseline_movement_frequency_threshold_percentile"":0.9,""primary_zone_p90_radius_m"":232.35}","{""living_zone_outside_segment_criteria"":""start_or_end_distance_gt_living_zone_departure_p90_threshold_m"",""living_zone_outside_segment_count"":3,""living_zone_outside_segment_ratio"":0.1875,""living_zone_outside_segment_km"":72.36,""living_zone_outside_segment_distance_ratio"":0.1914,""living_zone_outside_segment_night_ratio"":0.0,""living_zone_outside_segment_speeding_count"":0,""living_zone_outside_segment_harsh_accel_count"":0,""living_zone_outside_segment_harsh_brake_count"":1,""living_zone_outside_segment_sharp_turn_count"":0,""living_zone_outside_segment_risk_event_count"":1,""living_zone_outside_segment_speeding_per_100km"":0.0,""living_zone_outside_segment_harsh_accel_per_100km"":0.0,""living_zone_outside_segment_harsh_brake_per_100km"":1.382,""living_zone_outside_segment_sharp_turn_per_100km"":0.0,""living_zone_outside_segment_risk_events_per_100km"":1.382,""baseline_living_zone_outside_segment_count"":3,""baseline_living_zone_outside_segment_ratio"":0.1,""baseline_living_zone_outside_segment_km"":71.79,""baseline_living_zone_outside_segment_distance_ratio"":0.106,""baseline_living_zone_outside_segment_risk_events_per_100km"":0.0,""baseline_living_zone_outside_segment_night_ratio"":0.0,""living_zone_outside_segment_ratio_delta"":0.0875,""living_zone_outside_segment_distance_ratio_delta"":0.0855,""living_zone_outside_segment_risk_events_delta_per_100km"":1.382,""living_zone_outside_segment_night_ratio_delta"":0.0,""living_zone_outside_segment_risk_change_score"":16.32}",0,우대,우대,Senior Safe Mileage Score가 우대 구간에 있음,생활권 내외 위험변화가 낮음,최근 운전패턴이 평소와 유사함
cust_004,driver_004,stable_local_low_mileage,99.0,76.36,90.89,2.4,36.67,12.13,2.4,6.5,1168.99,1168.99,1168.99,21,0.9,23.27,21,0.9,1.0,21,0.9,600.08,start_or_end_distance_gt_living_zone_departure_p90_threshold_m,1,0.0909,16.19,0.0685,0.0,0,0,0,0,0,0.0,0.0,0.0,0.0,0.0,2,0.0952,36.3,0.0871,0.0,0.0,-0.0043,-0.0186,0.0,0.0,0.0,"{""zone_buffer_m"":1168.99,""living_zone_departure_p90_raw_m"":1168.99,""living_zone_departure_p90_threshold_m"":1168.99,""living_zone_departure_threshold_sample_count"":21,""living_zone_departure_threshold_percentile"":0.9,""baseline_trip_distance_p90_km"":23.27,""baseline_trip_distance_threshold_sample_count"":21,""baseline_trip_distance_threshold_percentile"":0.9,""baseline_movement_frequency_p90_per_day"":1.0,""baseline_movement_frequency_threshold_sample_count"":21,""baseline_movement_frequency_threshold_percentile"":0.9,""primary_zone_p90_radius_m"":600.08}","{""living_zone_outside_segment_criteria"":""start_or_end_distance_gt_living_zone_departure_p90_threshold_m"",""living_zone_outside_segment_count"":1,""living_zone_outside_segment_ratio"":0.0909,""living_zone_outside_segment_km"":16.19,""living_zone_outside_segment_distance_ratio"":0.0685,""living_zone_outside_segment_night_ratio"":0.0,""living_zone_outside_segment_speeding_count"":0,""living_zone_outside_segment_harsh_accel_count"":0,""living_zone_outside_segment_harsh_brake_count"":0,""living_zone_outside_segment_sharp_turn_count"":0,""living_zone_outside_segment_risk_event_count"":0,""living_zone_outside_segment_speeding_per_100km"":0.0,""living_zone_outside_segment_harsh_accel_per_100km"":0.0,""living_zone_outside_segment_harsh_brake_per_100km"":0.0,""living_zone_outside_segment_sharp_turn_per_100km"":0.0,""living_zone_outside_segment_risk_events_per_100km"":0.0,""baseline_living_zone_outside_segment_count"":2,""baseline_living_zone_outside_segment_ratio"":0.0952,""baseline_living_zone_outside_segment_km"":36.3,""baseline_living_zone_outside_segment_distance_ratio"":0.0871,""baseline_living_zone_outside_segment_risk_events_per_100km"":0.0,""baseline_living_zone_outside_segment_night_ratio"":0.0,""living_zone_outside_segment_ratio_delta"":-0.0043,""living_zone_outside_segment_distance_ratio_delta"":-0.0186,""living_zone_outside_segment_risk_events_delta_per_100km"":0.0,""living_zone_outside_segment_night_ratio_delta"":0.0,""living_zone_outside_segment_risk_change_score"":0.0}",0,우대,우대,Senior Safe Mileage Score가 우대 구간에 있음,생활권 내외 위험변화가 낮음,최근 운전패턴이 평소와 유사함
cust_005,driver_005,stable_local_low_mileage,98.57,67.95,87.19,5.99,18.01,11.98,5.99,7.77,796.81,796.81,796.81,27,0.9,24.82,27,0.9,1.0,27,0.9,239.29,start_or_end_distance_gt_living_zone_departure_p90_threshold_m,2,0.1333,42.82,0.1336,0.0,0,0,0,0,0,0.0,0.0,0.0,0.0,0.0,3,0.1111,62.86,0.1148,0.0,0.0,0.0222,0.0188,0.0,0.0,1.88,"{""zone_buffer_m"":796.81,""living_zone_departure_p90_raw_m"":796.81,""living_zone_departure_p90_threshold_m"":796.81,""living_zone_departure_threshold_sample_count"":27,""living_zone_departure_threshold_percentile"":0.9,""baseline_trip_distance_p90_km"":24.82,""baseline_trip_distance_threshold_sample_count"":27,""baseline_trip_distance_threshold_percentile"":0.9,""baseline_movement_frequency_p90_per_day"":1.0,""baseline_movement_frequency_threshold_sample_count"":27,""baseline_movement_frequency_threshold_percentile"":0.9,""primary_zone_p90_radius_m"":239.29}","{""living_zone_outside_segment_criteria"":""start_or_end_distance_gt_living_zone_departure_p90_threshold_m"",""living_zone_outside_segment_count"":2,""living_zone_outside_segment_ratio"":0.1333,""living_zone_outside_segment_km"":42.82,""living_zone_outside_segment_distance_ratio"":0.1336,""living_zone_outside_segment_night_ratio"":0.0,""living_zone_outside_segment_speeding_count"":0,""living_zone_outside_segment_harsh_accel_count"":0,""living_zone_outside_segment_harsh_brake_count"":0,""living_zone_outside_segment_sharp_turn_count"":0,""living_zone_outside_segment_risk_event_count"":0,""living_zone_outside_segment_speeding_per_100km"":0.0,""living_zone_outside_segment_harsh_accel_per_100km"":0.0,""living_zone_outside_segment_harsh_brake_per_100km"":0.0,""living_zone_outside_segment_sharp_turn_per_100km"":0.0,""living_zone_outside_segment_risk_events_per_100km"":0.0,""baseline_living_zone_outside_segment_count"":3,""baseline_living_zone_outside_segment_ratio"":0.1111,""baseline_living_zone_outside_segment_km"":62.86,""baseline_living_zone_outside_segment_distance_ratio"":0.1148,""baseline_living_zone_outside_segment_risk_events_per_100km"":0.0,""baseline_living_zone_outside_segment_night_ratio"":0.0,""living_zone_outside_segment_ratio_delta"":0.0222,""living_zone_outside_segment_distance_ratio_delta"":0.0188,""living_zone_outside_segment_risk_events_delta_per_100km"":0.0,""living_zone_outside_segment_night_ratio_delta"":0.0,""living_zone_outside_segment_risk_change_score"":1.88}",0,우대,우대,Senior Safe Mileage Score가 우대 구간에 있음,생활권 내외 위험변화가 낮음,최근 운전패턴이 평소와 유사함
cust_006,driver_006,stable_outer_safe,97.38,42.29,77.01,9.83,0.0,20.41,9.83,13.15,2000.0,10925.72,2000.0,33,0.9,36.81,33,0.9,1.0,33,0.9,753.66,start_or_end_distance_gt_living_zone_departure_p90_threshold_m,4,0.2353,138.27,0.2396,0.0,1,0,0,0,1,0.7232,0.0,0.0,0.0,0.7232,9,0.2727,259.47,0.2584,0.7708,0.0,-0.0374,-0.0188,-0.0476,0.0,0.0,"{""zone_buffer_m"":2000.0,""living_zone_departure_p90_raw_m"":10925.72,""living_zone_departure_p90_threshold_m"":2000.0,""living_zone_departure_threshold_sample_count"":33,""living_zone_departure_threshold_percentile"":0.9,""baseline_trip_distance_p90_km"":36.81,""baseline_trip_distance_threshold_sample_count"":33,""baseline_trip_distance_threshold_percentile"":0.9,""baseline_movement_frequency_p90_per_day"":1.0,""baseline_movement_frequency_threshold_sample_count"":33,""baseline_movement_frequency_threshold_percentile"":0.9,""primary_zone_p90_radius_m"":753.66}","{""living_zone_outside_segment_criteria"":""start_or_end_distance_gt_living_zone_departure_p90_threshold_m"",""living_zone_outside_segment_count"":4,""living_zone_outside_segment_ratio"":0.2353,""living_zone_outside_segment_km"":138.27,""living_zone_outside_segment_distance_ratio"":0.2396,""living_zone_outside_segment_night_ratio"":0.0,""living_zone_outside_segment_speeding_count"":1,""living_zone_outside_segment_harsh_accel_count"":0,""living_zone_outside_segment_harsh_brake_count"":0,""living_zone_outside_segment_sharp_turn_count"":0,""living_zone_outside_segment_risk_event_count"":1,""living_zone_outside_segment_speeding_per_100km"":0.7232,""living_zone_outside_segment_harsh_accel_per_100km"":0.0,""living_zone_outside_segment_harsh_brake_per_100km"":0.0,""living_zone_outside_segment_sharp_turn_per_100km"":0.0,""living_zone_outside_segment_risk_events_per_100km"":0.7232,""baseline_living_zone_outside_segment_count"":9,""baseline_living_zone_outside_segment_ratio"":0.2727,""baseline_living_zone_outside_segment_km"":259.47,""baseline_living_zone_outside_segment_distance_ratio"":0.2584,""baseline_living_zone_outside_segment_risk_events_per_100km"":0.7708,""baseline_living_zone_outside_segment_night_ratio"":0.0,""living_zone_outside_segment_ratio_delta"":-0.0374,""living_zone_outside_segment_distance_ratio_delta"":-0.0188,""living_zone_outside_segment_risk_events_delta_per_100km"":-0.0476,""living_zone_outside_segment_night_ratio_delta"":0.0,""living_zone_outside_segment_risk_change_score"":0.0}",0,기본,기본,일부 생활권 밖 주행은 있으나 고위험 변화는 제한적,기존 마일리지/안전운전 혜택 판단은 유지 가능,추가 데이터 확보 후 재평가 가능
cust_007,driver_007,stable_outer_safe,98.01,49.1,77.63,23.76,0.0,17.2,23.76,16.45,2000.0,7682.67,2000.0,29,0.9,38.77,29,0.9,1.0,29,0.9,1017.85,start_or_end_distance_gt_living_zone_departure_p90_threshold_m,4,0.2667,148.34,0.2914,0.0,0,1,0,1,2,0.0,0.6741,0.0,0.6741,1.3483,6,0.2069,177.51,0.1921,0.0,0.0,0.0598,0.0993,1.3483,0.0,17.51,"{""zone_buffer_m"":2000.0,""living_zone_departure_p90_raw_m"":7682.67,""living_zone_departure_p90_threshold_m"":2000.0,""living_zone_departure_threshold_sample_count"":29,""living_zone_departure_threshold_percentile"":0.9,""baseline_trip_distance_p90_km"":38.77,""baseline_trip_distance_threshold_sample_count"":29,""baseline_trip_distance_threshold_percentile"":0.9,""baseline_movement_frequency_p90_per_day"":1.0,""baseline_movement_frequency_threshold_sample_count"":29,""baseline_movement_frequency_threshold_percentile"":0.9,""primary_zone_p90_radius_m"":1017.85}","{""living_zone_outside_segment_criteria"":""start_or_end_distance_gt_living_zone_departure_p90_threshold_m"",""living_zone_outside_segment_count"":4,""living_zone_outside_segment_ratio"":0.2667,""living_zone_outside_segment_km"":148.34,""living_zone_outside_segment_distance_ratio"":0.2914,""living_zone_outside_segment_night_ratio"":0.0,""living_zone_outside_segment_speeding_count"":0,""living_zone_outside_segment_harsh_accel_count"":1,""living_zone_outside_segment_harsh_brake_count"":0,""living_zone_outside_segment_sharp_turn_count"":1,""living_zone_outside_segment_risk_event_count"":2,""living_zone_outside_segment_speeding_per_100km"":0.0,""living_zone_outside_segment_harsh_accel_per_100km"":0.6741,""living_zone_outside_segment_harsh_brake_per_100km"":0.0,""living_zone_outside_segment_sharp_turn_per_100km"":0.6741,""living_zone_outside_segment_risk_events_per_100km"":1.3483,""baseline_living_zone_outside_segment_count"":6,""baseline_living_zone_outside_segment_ratio"":0.2069,""baseline_living_zone_outside_segment_km"":177.51,""baseline_living_zone_outside_segment_distance_ratio"":0.1921,""baseline_living_zone_outside_segment_risk_events_per_100km"":0.0,""baseline_living_zone_outside_segment_night_ratio"":0.0,""living_zone_outside_segment_ratio_delta"":0.0598,""living_zone_outside_segment_distance_ratio_delta"":0.0993,""living_zone_outside_segment_risk_events_delta_per_100km"":1.3483,""living_zone_outside_segment_night_ratio_delta"":0.0,""living_zone_outside_segment_risk_change_score"":17.51}",0,기본,기본,일부 생활권 밖 주행은 있으나 고위험 변화는 제한적,기존 마일리지/안전운전 혜택 판단은 유지 가능,추가 데이터 확보 후 재평가 가능
cust_008,driver_008,stable_outer_safe,95.96,27.68,68.31,29.04,0.0,23.47,29.04,21.53,2000.0,15743.62,2000.0,40,0.9,40.51,40,0.9,1.0,40,0.9,1104.51,start_or_end_distance_gt_living_zone_departure_p90_threshold_m,7,0.35,267.17,0.3694,0.0,0,2,2,0,4,0.0,0.7486,0.7486,0.0,1.4972,11,0.275,370.46,0.2765,0.2699,0.0657,0.075,0.093,1.2273,-0.0657,16.2,"{""zone_buffer_m"":2000.0,""living_zone_departure_p90_raw_m"":15743.62,""living_zone_departure_p90_threshold_m"":2000.0,""living_zone_departure_threshold_sample_count"":40,""living_zone_departure_threshold_percentile"":0.9,""baseline_trip_distance_p90_km"":40.51,""baseline_trip_distance_threshold_sample_count"":40,""baseline_trip_distance_threshold_percentile"":0.9,""baseline_movement_frequency_p90_per_day"":1.0,""baseline_movement_frequency_threshold_sample_count"":40,""baseline_movement_frequency_threshold_percentile"":0.9,""primary_zone_p90_radius_m"":1104.51}","{""living_zone_outside_segment_criteria"":""start_or_end_distance_gt_living_zone_departure_p90_threshold_m"",""living_zone_outside_segment_count"":7,""living_zone_outside_segment_ratio"":0.35,""living_zone_outside_segment_km"":267.17,""living_zone_outside_segment_distance_ratio"":0.3694,""living_zone_outside_segment_night_ratio"":0.0,""living_zone_outside_segment_speeding_count"":0,""living_zone_outside_segment_harsh_accel_count"":2,""living_zone_outside_segment_harsh_brake_count"":2,""living_zone_outside_segment_sharp_turn_count"":0,""living_zone_outside_segment_risk_event_count"":4,""living_zone_outside_segment_speeding_per_100km"":0.0,""living_zone_outside_segment_harsh_accel_per_100km"":0.7486,""living_zone_outside_segment_harsh_brake_per_100km"":0.7486,""living_zone_outside_segment_sharp_turn_per_100km"":0.0,""living_zone_outside_segment_risk_events_per_100km"":1.4972,""baseline_living_zone_outside_segment_count"":11,""baseline_living_zone_outside_segment_ratio"":0.275,""baseline_living_zone_outside_segment_km"":370.46,""baseline_living_zone_outside_segment_distance_ratio"":0.2765,""baseline_living_zone_outside_segment_risk_events_per_100km"":0.2699,""baseline_living_zone_outside_segment_night_ratio"":0.0657,""living_zone_outside_segment_ratio_delta"":0.075,""living_zone_outside_segment_distance_ratio_delta"":0.093,""living_zone_outside_segment_risk_events_delta_per_100km"":1.2273,""living_zone_outside_segment_night_ratio_delta"":-0.0657,""living_zone_outside_segment_risk_change_score"":16.2}",0,기본,기본,일부 생활권 밖 주행은 있으나 고위험 변화는 제한적,기존 마일리지/안전운전 혜택 판단은 유지 가능,추가 데이터 확보 후 재평가 가능
cust_009,driver_009,stable_outer_safe,97.49,33.25,73.12,15.55,0.0,24.25,15.55,16.86,2000.0,12076.83,2000.0,35,0.9,38.06,35,0.9,1.0,35,0.9,1062.83,start_or_end_distance_gt_living_zone_departure_p90_threshold_m,5,0.2778,192.92,0.289,0.1743,0,0,0,1,1,0.0,0.0,0.0,0.5183,0.5183,9,0.2571,299.65,0.2743,0.3337,0.1259,0.0206,0.0147,0.1846,0.0484,6.55,"{""zone_buffer_m"":2000.0,""living_zone_departure_p90_raw_m"":12076.83,""living_zone_departure_p90_threshold_m"":2000.0,""living_zone_departure_threshold_sample_count"":35,""living_zone_departure_threshold_percentile"":0.9,""baseline_trip_distance_p90_km"":38.06,""baseline_trip_distance_threshold_sample_count"":35,""baseline_trip_distance_threshold_percentile"":0.9,""baseline_movement_frequency_p90_per_day"":1.0,""baseline_movement_frequency_threshold_sample_count"":35,""baseline_movement_frequency_threshold_percentile"":0.9,""primary_zone_p90_radius_m"":1062.83}","{""living_zone_outside_segment_criteria"":""start_or_end_distance_gt_living_zone_departure_p90_threshold_m"",""living_zone_outside_segment_count"":5,""living_zone_outside_segment_ratio"":0.2778,""living_zone_outside_segment_km"":192.92,""living_zone_outside_segment_distance_ratio"":0.289,""living_zone_outside_segment_night_ratio"":0.1743,""living_zone_outside_segment_speeding_count"":0,""living_zone_outside_segment_harsh_accel_count"":0,""living_zone_outside_segment_harsh_brake_count"":0,""living_zone_outside_segment_sharp_turn_count"":1,""living_zone_outside_segment_risk_event_count"":1,""living_zone_outside_segment_speeding_per_100km"":0.0,""living_zone_outside_segment_harsh_accel_per_100km"":0.0,""living_zone_outside_segment_harsh_brake_per_100km"":0.0,""living_zone_outside_segment_sharp_turn_per_100km"":0.5183,""living_zone_outside_segment_risk_events_per_100km"":0.5183,""baseline_living_zone_outside_segment_count"":9,""baseline_living_zone_outside_segment_ratio"":0.2571,""baseline_living_zone_outside_segment_km"":299.65,""baseline_living_zone_outside_segment_distance_ratio"":0.2743,""baseline_living_zone_outside_segment_risk_events_per_100km"":0.3337,""baseline_living_zone_outside_segment_night_ratio"":0.1259,""living_zone_outside_segment_ratio_delta"":0.0206,""living_zone_outside_segment_distance_ratio_delta"":0.0147,""living_zone_outside_segment_risk_events_delta_per_100km"":0.1846,""living_zone_outside_segment_night_ratio_delta"":0.0484,""living_zone_outside_segment_risk_change_score"":6.55}",0,기본,기본,일부 생활권 밖 주행은 있으나 고위험 변화는 제한적,기존 마일리지/안전운전 혜택 판단은 유지 가능,추가 데이터 확보 후 재평가 가능
cust_010,driver_010,stable_outer_safe,97.62,50.54,77.68,25.62,0.0,20.43,25.62,18.64,2000.0,9966.11,2000.0,28,0.9,37.65,28,0.9,1.0,28,0.9,339.13,start_or_end_distance_gt_living_zone_departure_p90_threshold_m,4,0.2857,148.25,0.2998,0.0,0,1,2,0,3,0.0,0.6745,1.3491,0.0,2.0236,7,0.25,209.39,0.236,0.9552,0.0,0.0357,0.0638,1.0684,0.0,12.39,"{""zone_buffer_m"":2000.0,""living_zone_departure_p90_raw_m"":9966.11,""living_zone_departure_p90_threshold_m"":2000.0,""living_zone_departure_threshold_sample_count"":28,""living_zone_departure_threshold_percentile"":0.9,""baseline_trip_distance_p90_km"":37.65,""baseline_trip_distance_threshold_sample_count"":28,""baseline_trip_distance_threshold_percentile"":0.9,""baseline_movement_frequency_p90_per_day"":1.0,""baseline_movement_frequency_threshold_sample_count"":28,""baseline_movement_frequency_threshold_percentile"":0.9,""primary_zone_p90_radius_m"":339.13}","{""living_zone_outside_segment_criteria"":""start_or_end_distance_gt_living_zone_departure_p90_threshold_m"",""living_zone_outside_segment_count"":4,""living_zone_outside_segment_ratio"":0.2857,""living_zone_outside_segment_km"":148.25,""living_zone_outside_segment_distance_ratio"":0.2998,""living_zone_outside_segment_night_ratio"":0.0,""living_zone_outside_segment_speeding_count"":0,""living_zone_outside_segment_harsh_accel_count"":1,""living_zone_outside_segment_harsh_brake_count"":2,""living_zone_outside_segment_sharp_turn_count"":0,""living_zone_outside_segment_risk_event_count"":3,""living_zone_outside_segment_speeding_per_100km"":0.0,""living_zone_outside_segment_harsh_accel_per_100km"":0.6745,""living_zone_outside_segment_harsh_brake_per_100km"":1.3491,""living_zone_outside_segment_sharp_turn_per_100km"":0.0,""living_zone_outside_segment_risk_events_per_100km"":2.0236,""baseline_living_zone_outside_segment_count"":7,""baseline_living_zone_outside_segment_ratio"":0.25,""baseline_living_zone_outside_segment_km"":209.39,""baseline_living_zone_outside_segment_distance_ratio"":0.236,""baseline_living_zone_outside_segment_risk_events_per_100km"":0.9552,""baseline_living_zone_outside_segment_night_ratio"":0.0,""living_zone_outside_segment_ratio_delta"":0.0357,""living_zone_outside_segment_distance_ratio_delta"":0.0638,""living_zone_outside_segment_risk_events_delta_per_100km"":1.0684,""living_zone_outside_segment_night_ratio_delta"":0.0,""living_zone_outside_segment_risk_change_score"":12.39}",0,기본,기본,일부 생활권 밖 주행은 있으나 고위험 변화는 제한적,기존 마일리지/안전운전 혜택 판단은 유지 가능,추가 데이터 확보 후 재평가 가능
cust_011,driver_011,recent_outer_risk_change,77.83,63.43,64.44,75.73,0.0,65.31,75.73,60.33,1594.95,1594.95,1594.95,25,0.9,30.17,25,0.9,1.0,25,0.9,351.32,start_or_end_distance_gt_living_zone_departure_p90_threshold_m,7,0.5,187.78,0.5134,0.0,2,2,4,1,9,1.0651,1.0651,2.1302,0.5325,4.7928,3,0.12,70.33,0.1135,1.4219,0.0,0.38,0.4,3.3709,0.0,48.96,"{""zone_buffer_m"":1594.95,""living_zone_departure_p90_raw_m"":1594.95,""living_zone_departure_p90_threshold_m"":1594.95,""living_zone_departure_threshold_sample_count"":25,""living_zone_departure_threshold_percentile"":0.9,""baseline_trip_distance_p90_km"":30.17,""baseline_trip_distance_threshold_sample_count"":25,""baseline_trip_distance_threshold_percentile"":0.9,""baseline_movement_frequency_p90_per_day"":1.0,""baseline_movement_frequency_threshold_sample_count"":25,""baseline_movement_frequency_threshold_percentile"":0.9,""primary_zone_p90_radius_m"":351.32}","{""living_zone_outside_segment_criteria"":""start_or_end_distance_gt_living_zone_departure_p90_threshold_m"",""living_zone_outside_segment_count"":7,""living_zone_outside_segment_ratio"":0.5,""living_zone_outside_segment_km"":187.78,""living_zone_outside_segment_distance_ratio"":0.5134,""living_zone_outside_segment_night_ratio"":0.0,""living_zone_outside_segment_speeding_count"":2,""living_zone_outside_segment_harsh_accel_count"":2,""living_zone_outside_segment_harsh_brake_count"":4,""living_zone_outside_segment_sharp_turn_count"":1,""living_zone_outside_segment_risk_event_count"":9,""living_zone_outside_segment_speeding_per_100km"":1.0651,""living_zone_outside_segment_harsh_accel_per_100km"":1.0651,""living_zone_outside_segment_harsh_brake_per_100km"":2.1302,""living_zone_outside_segment_sharp_turn_per_100km"":0.5325,""living_zone_outside_segment_risk_events_per_100km"":4.7928,""baseline_living_zone_outside_segment_count"":3,""baseline_living_zone_outside_segment_ratio"":0.12,""baseline_living_zone_outside_segment_km"":70.33,""baseline_living_zone_outside_segment_distance_ratio"":0.1135,""baseline_living_zone_outside_segment_risk_events_per_100km"":1.4219,""baseline_living_zone_outside_segment_night_ratio"":0.0,""living_zone_outside_segment_ratio_delta"":0.38,""living_zone_outside_segment_distance_ratio_delta"":0.4,""living_zone_outside_segment_risk_events_delta_per_100km"":3.3709,""living_zone_outside_segment_night_ratio_delta"":0.0,""living_zone_outside_segment_risk_change_score"":48.96}",1,예방 케어,예방 케어,최근 운전패턴이 평소와 크게 달라짐,생활권 밖 주행과 위험행동이 함께 증가함,차량 점검 또는 안전운전 리포트 안내 필요
cust_012,driver_012,recent_outer_risk_change,80.6,60.93,63.42,89.5,0.0,56.91,89.5,60.81,1717.79,1717.79,1717.79,28,0.9,30.57,28,0.9,1.0,28,0.9,325.02,start_or_end_distance_gt_living_zone_departure_p90_threshold_m,7,0.4375,170.65,0.4368,0.4029,3,3,2,2,10,1.758,1.758,1.172,1.172,5.8599,3,0.1071,70.47,0.1014,0.0,0.0,0.3304,0.3354,5.8599,0.4029,87.96,"{""zone_buffer_m"":1717.79,""living_zone_departure_p90_raw_m"":1717.79,""living_zone_departure_p90_threshold_m"":1717.79,""living_zone_departure_threshold_sample_count"":28,""living_zone_departure_threshold_percentile"":0.9,""baseline_trip_distance_p90_km"":30.57,""baseline_trip_distance_threshold_sample_count"":28,""baseline_trip_distance_threshold_percentile"":0.9,""baseline_movement_frequency_p90_per_day"":1.0,""baseline_movement_frequency_threshold_sample_count"":28,""baseline_movement_frequency_threshold_percentile"":0.9,""primary_zone_p90_radius_m"":325.02}","{""living_zone_outside_segment_criteria"":""start_or_end_distance_gt_living_zone_departure_p90_threshold_m"",""living_zone_outside_segment_count"":7,""living_zone_outside_segment_ratio"":0.4375,""living_zone_outside_segment_km"":170.65,""living_zone_outside_segment_distance_ratio"":0.4368,""living_zone_outside_segment_night_ratio"":0.4029,""living_zone_outside_segment_speeding_count"":3,""living_zone_outside_segment_harsh_accel_count"":3,""living_zone_outside_segment_harsh_brake_count"":2,""living_zone_outside_segment_sharp_turn_count"":2,""living_zone_outside_segment_risk_event_count"":10,""living_zone_outside_segment_speeding_per_100km"":1.758,""living_zone_outside_segment_harsh_accel_per_100km"":1.758,""living_zone_outside_segment_harsh_brake_per_100km"":1.172,""living_zone_outside_segment_sharp_turn_per_100km"":1.172,""living_zone_outside_segment_risk_events_per_100km"":5.8599,""baseline_living_zone_outside_segment_count"":3,""baseline_living_zone_outside_segment_ratio"":0.1071,""baseline_living_zone_outside_segment_km"":70.47,""baseline_living_zone_outside_segment_distance_ratio"":0.1014,""baseline_living_zone_outside_segment_risk_events_per_100km"":0.0,""baseline_living_zone_outside_segment_night_ratio"":0.0,""living_zone_outside_segment_ratio_delta"":0.3304,""living_zone_outside_segment_distance_ratio_delta"":0.3354,""living_zone_outside_segment_risk_events_delta_per_100km"":5.8599,""living_zone_outside_segment_night_ratio_delta"":0.4029,""living_zone_outside_segment_risk_change_score"":87.96}",1,예방 케어,예방 케어,최근 운전패턴이 평소와 크게 달라짐,생활권 밖 주행과 위험행동이 함께 증가함,차량 점검 또는 안전운전 리포트 안내 필요
cust_013,driver_013,recent_outer_risk_change,76.64,66.49,62.25,98.26,0.0,79.76,98.26,74.95,1311.81,1311.81,1311.81,24,0.9,28.74,24,0.9,1.0,24,0.9,603.91,start_or_end_distance_gt_living_zone_departure_p90_threshold_m,6,0.4615,157.5,0.47,0.6818,5,1,3,0,9,3.1746,0.6349,1.9048,0.0,5.7143,3,0.125,68.07,0.1216,0.0,0.0,0.3365,0.3484,5.7143,0.6818,87.14,"{""zone_buffer_m"":1311.81,""living_zone_departure_p90_raw_m"":1311.81,""living_zone_departure_p90_threshold_m"":1311.81,""living_zone_departure_threshold_sample_count"":24,""living_zone_departure_threshold_percentile"":0.9,""baseline_trip_distance_p90_km"":28.74,""baseline_trip_distance_threshold_sample_count"":24,""baseline_trip_distance_threshold_percentile"":0.9,""baseline_movement_frequency_p90_per_day"":1.0,""baseline_movement_frequency_threshold_sample_count"":24,""baseline_movement_frequency_threshold_percentile"":0.9,""primary_zone_p90_radius_m"":603.91}","{""living_zone_outside_segment_criteria"":""start_or_end_distance_gt_living_zone_departure_p90_threshold_m"",""living_zone_outside_segment_count"":6,""living_zone_outside_segment_ratio"":0.4615,""living_zone_outside_segment_km"":157.5,""living_zone_outside_segment_distance_ratio"":0.47,""living_zone_outside_segment_night_ratio"":0.6818,""living_zone_outside_segment_speeding_count"":5,""living_zone_outside_segment_harsh_accel_count"":1,""living_zone_outside_segment_harsh_brake_count"":3,""living_zone_outside_segment_sharp_turn_count"":0,""living_zone_outside_segment_risk_event_count"":9,""living_zone_outside_segment_speeding_per_100km"":3.1746,""living_zone_outside_segment_harsh_accel_per_100km"":0.6349,""living_zone_outside_segment_harsh_brake_per_100km"":1.9048,""living_zone_outside_segment_sharp_turn_per_100km"":0.0,""living_zone_outside_segment_risk_events_per_100km"":5.7143,""baseline_living_zone_outside_segment_count"":3,""baseline_living_zone_outside_segment_ratio"":0.125,""baseline_living_zone_outside_segment_km"":68.07,""baseline_living_zone_outside_segment_distance_ratio"":0.1216,""baseline_living_zone_outside_segment_risk_events_per_100km"":0.0,""baseline_living_zone_outside_segment_night_ratio"":0.0,""living_zone_outside_segment_ratio_delta"":0.3365,""living_zone_outside_segment_distance_ratio_delta"":0.3484,""living_zone_outside_segment_risk_events_delta_per_100km"":5.7143,""living_zone_outside_segment_night_ratio_delta"":0.6818,""living_zone_outside_segment_risk_change_score"":87.14}",1,예방 케어,예방 케어,최근 운전패턴이 평소와 크게 달라짐,생활권 밖 주행과 위험행동이 함께 증가함,차량 점검 또는 안전운전 리포트 안내 필요
cust_014,driver_014,recent_outer_risk_change,82.81,62.44,67.91,69.12,0.0,46.29,69.12,48.46,1648.22,1648.22,1648.22,31,0.9,29.09,31,0.9,1.0,31,0.9,428.54,start_or_end_distance_gt_living_zone_departure_p90_threshold_m,6,0.3333,129.56,0.345,0.1296,1,1,3,1,6,0.7718,0.7718,2.3155,0.7718,4.6311,3,0.0968,69.23,0.0913,0.0,0.0,0.2366,0.2536,4.6311,0.1296,62.21,"{""zone_buffer_m"":1648.22,""living_zone_departure_p90_raw_m"":1648.22,""living_zone_departure_p90_threshold_m"":1648.22,""living_zone_departure_threshold_sample_count"":31,""living_zone_departure_threshold_percentile"":0.9,""baseline_trip_distance_p90_km"":29.09,""baseline_trip_distance_threshold_sample_count"":31,""baseline_trip_distance_threshold_percentile"":0.9,""baseline_movement_frequency_p90_per_day"":1.0,""baseline_movement_frequency_threshold_sample_count"":31,""baseline_movement_frequency_threshold_percentile"":0.9,""primary_zone_p90_radius_m"":428.54}","{""living_zone_outside_segment_criteria"":""start_or_end_distance_gt_living_zone_departure_p90_threshold_m"",""living_zone_outside_segment_count"":6,""living_zone_outside_segment_ratio"":0.3333,""living_zone_outside_segment_km"":129.56,""living_zone_outside_segment_distance_ratio"":0.345,""living_zone_outside_segment_night_ratio"":0.1296,""living_zone_outside_segment_speeding_count"":1,""living_zone_outside_segment_harsh_accel_count"":1,""living_zone_outside_segment_harsh_brake_count"":3,""living_zone_outside_segment_sharp_turn_count"":1,""living_zone_outside_segment_risk_event_count"":6,""living_zone_outside_segment_speeding_per_100km"":0.7718,""living_zone_outside_segment_harsh_accel_per_100km"":0.7718,""living_zone_outside_segment_harsh_brake_per_100km"":2.3155,""living_zone_outside_segment_sharp_turn_per_100km"":0.7718,""living_zone_outside_segment_risk_events_per_100km"":4.6311,""baseline_living_zone_outside_segment_count"":3,""baseline_living_zone_outside_segment_ratio"":0.0968,""baseline_living_zone_outside_segment_km"":69.23,""baseline_living_zone_outside_segment_distance_ratio"":0.0913,""baseline_living_zone_outside_segment_risk_events_per_100km"":0.0,""baseline_living_zone_outside_segment_night_ratio"":0.0,""living_zone_outside_segment_ratio_delta"":0.2366,""living_zone_outside_segment_distance_ratio_delta"":0.2536,""living_zone_outside_segment_risk_events_delta_per_100km"":4.6311,""living_zone_outside_segment_night_ratio_delta"":0.1296,""living_zone_outside_segment_risk_change_score"":62.21}",1,예방 케어,예방 케어,최근 운전패턴이 평소와 크게 달라짐,생활권 밖 주행과 위험행동이 함께 증가함,차량 점검 또는 안전운전 리포트 안내 필요
cust_015,driver_015,recent_outer_risk_change,73.05,54.79,55.92,100.0,0.0,75.23,100.0,74.24,1912.65,1912.65,1912.65,32,0.9,30.4,32,0.9,1.0,32,0.9,375.36,start_or_end_distance_gt_living_zone_departure_p90_threshold_m,7,0.3684,163.33,0.3612,0.2442,4,1,10,2,17,2.449,0.6123,6.1226,1.2245,10.4084,4,0.125,104.06,0.1296,0.0,0.0,0.2434,0.2316,10.4084,0.2442,88.51,"{""zone_buffer_m"":1912.65,""living_zone_departure_p90_raw_m"":1912.65,""living_zone_departure_p90_threshold_m"":1912.65,""living_zone_departure_threshold_sample_count"":32,""living_zone_departure_threshold_percentile"":0.9,""baseline_trip_distance_p90_km"":30.4,""baseline_trip_distance_threshold_sample_count"":32,""baseline_trip_distance_threshold_percentile"":0.9,""baseline_movement_frequency_p90_per_day"":1.0,""baseline_movement_frequency_threshold_sample_count"":32,""baseline_movement_frequency_threshold_percentile"":0.9,""primary_zone_p90_radius_m"":375.36}","{""living_zone_outside_segment_criteria"":""start_or_end_distance_gt_living_zone_departure_p90_threshold_m"",""living_zone_outside_segment_count"":7,""living_zone_outside_segment_ratio"":0.3684,""living_zone_outside_segment_km"":163.33,""living_zone_outside_segment_distance_ratio"":0.3612,""living_zone_outside_segment_night_ratio"":0.2442,""living_zone_outside_segment_speeding_count"":4,""living_zone_outside_segment_harsh_accel_count"":1,""living_zone_outside_segment_harsh_brake_count"":10,""living_zone_outside_segment_sharp_turn_count"":2,""living_zone_outside_segment_risk_event_count"":17,""living_zone_outside_segment_speeding_per_100km"":2.449,""living_zone_outside_segment_harsh_accel_per_100km"":0.6123,""living_zone_outside_segment_harsh_brake_per_100km"":6.1226,""living_zone_outside_segment_sharp_turn_per_100km"":1.2245,""living_zone_outside_segment_risk_events_per_100km"":10.4084,""baseline_living_zone_outside_segment_count"":4,""baseline_living_zone_outside_segment_ratio"":0.125,""baseline_living_zone_outside_segment_km"":104.06,""baseline_living_zone_outside_segment_distance_ratio"":0.1296,""baseline_living_zone_outside_segment_risk_events_per_100km"":0.0,""baseline_living_zone_outside_segment_night_ratio"":0.0,""living_zone_outside_segment_ratio_delta"":0.2434,""living_zone_outside_segment_distance_ratio_delta"":0.2316,""living_zone_outside_segment_risk_events_delta_per_100km"":10.4084,""living_zone_outside_segment_night_ratio_delta"":0.2442,""living_zone_outside_segment_risk_change_score"":88.51}",1,예방 케어,예방 케어,최근 운전패턴이 평소와 크게 달라짐,생활권 밖 주행과 위험행동이 함께 증가함,차량 점검 또는 안전운전 리포트 안내 필요
cust_016,driver_016,in_zone_risky_low_mileage,82.19,72.5,77.45,26.44,26.95,30.13,26.44,26.37,1424.06,1424.06,1424.06,26,0.9,24.51,26,0.9,1.0,26,0.9,225.78,start_or_end_distance_gt_living_zone_departure_p90_threshold_m,1,0.0769,24.96,0.0908,0.0,0,2,0,0,2,0.0,8.0128,0.0,0.0,8.0128,3,0.1154,54.32,0.1074,5.5228,0.0,-0.0385,-0.0167,2.49,0.0,14.01,"{""zone_buffer_m"":1424.06,""living_zone_departure_p90_raw_m"":1424.06,""living_zone_departure_p90_threshold_m"":1424.06,""living_zone_departure_threshold_sample_count"":26,""living_zone_departure_threshold_percentile"":0.9,""baseline_trip_distance_p90_km"":24.51,""baseline_trip_distance_threshold_sample_count"":26,""baseline_trip_distance_threshold_percentile"":0.9,""baseline_movement_frequency_p90_per_day"":1.0,""baseline_movement_frequency_threshold_sample_count"":26,""baseline_movement_frequency_threshold_percentile"":0.9,""primary_zone_p90_radius_m"":225.78}","{""living_zone_outside_segment_criteria"":""start_or_end_distance_gt_living_zone_departure_p90_threshold_m"",""living_zone_outside_segment_count"":1,""living_zone_outside_segment_ratio"":0.0769,""living_zone_outside_segment_km"":24.96,""living_zone_outside_segment_distance_ratio"":0.0908,""living_zone_outside_segment_night_ratio"":0.0,""living_zone_outside_segment_speeding_count"":0,""living_zone_outside_segment_harsh_accel_count"":2,""living_zone_outside_segment_harsh_brake_count"":0,""living_zone_outside_segment_sharp_turn_count"":0,""living_zone_outside_segment_risk_event_count"":2,""living_zone_outside_segment_speeding_per_100km"":0.0,""living_zone_outside_segment_harsh_accel_per_100km"":8.0128,""living_zone_outside_segment_harsh_brake_per_100km"":0.0,""living_zone_outside_segment_sharp_turn_per_100km"":0.0,""living_zone_outside_segment_risk_events_per_100km"":8.0128,""baseline_living_zone_outside_segment_count"":3,""baseline_living_zone_outside_segment_ratio"":0.1154,""baseline_living_zone_outside_segment_km"":54.32,""baseline_living_zone_outside_segment_distance_ratio"":0.1074,""baseline_living_zone_outside_segment_risk_events_per_100km"":5.5228,""baseline_living_zone_outside_segment_night_ratio"":0.0,""living_zone_outside_segment_ratio_delta"":-0.0385,""living_zone_outside_segment_distance_ratio_delta"":-0.0167,""living_zone_outside_segment_risk_events_delta_per_100km"":2.49,""living_zone_outside_segment_night_ratio_delta"":0.0,""living_zone_outside_segment_risk_change_score"":14.01}",0,기본,기본,일부 생활권 밖 주행은 있으나 고위험 변화는 제한적,기존 마일리지/안전운전 혜택 판단은 유지 가능,추가 데이터 확보 후 재평가 가능
cust_017,driver_017,in_zone_risky_low_mileage,78.68,62.35,66.76,61.94,16.49,38.12,61.94,43.1,1341.8,1341.8,1341.8,33,0.9,24.31,33,0.9,1.0,33,0.9,230.86,start_or_end_distance_gt_living_zone_departure_p90_threshold_m,3,0.1765,62.94,0.1672,0.0,2,1,3,0,6,3.1776,1.5888,4.7664,0.0,9.5329,4,0.1212,77.66,0.1192,2.5753,0.0,0.0553,0.048,6.9576,0.0,43.93,"{""zone_buffer_m"":1341.8,""living_zone_departure_p90_raw_m"":1341.8,""living_zone_departure_p90_threshold_m"":1341.8,""living_zone_departure_threshold_sample_count"":33,""living_zone_departure_threshold_percentile"":0.9,""baseline_trip_distance_p90_km"":24.31,""baseline_trip_distance_threshold_sample_count"":33,""baseline_trip_distance_threshold_percentile"":0.9,""baseline_movement_frequency_p90_per_day"":1.0,""baseline_movement_frequency_threshold_sample_count"":33,""baseline_movement_frequency_threshold_percentile"":0.9,""primary_zone_p90_radius_m"":230.86}","{""living_zone_outside_segment_criteria"":""start_or_end_distance_gt_living_zone_departure_p90_threshold_m"",""living_zone_outside_segment_count"":3,""living_zone_outside_segment_ratio"":0.1765,""living_zone_outside_segment_km"":62.94,""living_zone_outside_segment_distance_ratio"":0.1672,""living_zone_outside_segment_night_ratio"":0.0,""living_zone_outside_segment_speeding_count"":2,""living_zone_outside_segment_harsh_accel_count"":1,""living_zone_outside_segment_harsh_brake_count"":3,""living_zone_outside_segment_sharp_turn_count"":0,""living_zone_outside_segment_risk_event_count"":6,""living_zone_outside_segment_speeding_per_100km"":3.1776,""living_zone_outside_segment_harsh_accel_per_100km"":1.5888,""living_zone_outside_segment_harsh_brake_per_100km"":4.7664,""living_zone_outside_segment_sharp_turn_per_100km"":0.0,""living_zone_outside_segment_risk_events_per_100km"":9.5329,""baseline_living_zone_outside_segment_count"":4,""baseline_living_zone_outside_segment_ratio"":0.1212,""baseline_living_zone_outside_segment_km"":77.66,""baseline_living_zone_outside_segment_distance_ratio"":0.1192,""baseline_living_zone_outside_segment_risk_events_per_100km"":2.5753,""baseline_living_zone_outside_segment_night_ratio"":0.0,""living_zone_outside_segment_ratio_delta"":0.0553,""living_zone_outside_segment_distance_ratio_delta"":0.048,""living_zone_outside_segment_risk_events_delta_per_100km"":6.9576,""living_zone_outside_segment_night_ratio_delta"":0.0,""living_zone_outside_segment_risk_change_score"":43.93}",1,예방 케어,예방 케어,최근 운전패턴이 평소와 크게 달라짐,생활권 밖 주행과 위험행동이 함께 증가함,차량 점검 또는 안전운전 리포트 안내 필요
cust_018,driver_018,in_zone_risky_low_mileage,80.45,62.25,71.56,37.4,1.74,34.77,37.4,32.65,1062.41,1062.41,1062.41,34,0.9,25.94,34,0.9,1.0,34,0.9,686.9,start_or_end_distance_gt_living_zone_departure_p90_threshold_m,3,0.1667,67.85,0.1798,0.3789,1,1,1,0,3,1.4738,1.4738,1.4738,0.0,4.4215,4,0.1176,73.15,0.0982,5.4682,0.0,0.049,0.0815,-1.0467,0.3789,33.15,"{""zone_buffer_m"":1062.41,""living_zone_departure_p90_raw_m"":1062.41,""living_zone_departure_p90_threshold_m"":1062.41,""living_zone_departure_threshold_sample_count"":34,""living_zone_departure_threshold_percentile"":0.9,""baseline_trip_distance_p90_km"":25.94,""baseline_trip_distance_threshold_sample_count"":34,""baseline_trip_distance_threshold_percentile"":0.9,""baseline_movement_frequency_p90_per_day"":1.0,""baseline_movement_frequency_threshold_sample_count"":34,""baseline_movement_frequency_threshold_percentile"":0.9,""primary_zone_p90_radius_m"":686.9}","{""living_zone_outside_segment_criteria"":""start_or_end_distance_gt_living_zone_departure_p90_threshold_m"",""living_zone_outside_segment_count"":3,""living_zone_outside_segment_ratio"":0.1667,""living_zone_outside_segment_km"":67.85,""living_zone_outside_segment_distance_ratio"":0.1798,""living_zone_outside_segment_night_ratio"":0.3789,""living_zone_outside_segment_speeding_count"":1,""living_zone_outside_segment_harsh_accel_count"":1,""living_zone_outside_segment_harsh_brake_count"":1,""living_zone_outside_segment_sharp_turn_count"":0,""living_zone_outside_segment_risk_event_count"":3,""living_zone_outside_segment_speeding_per_100km"":1.4738,""living_zone_outside_segment_harsh_accel_per_100km"":1.4738,""living_zone_outside_segment_harsh_brake_per_100km"":1.4738,""living_zone_outside_segment_sharp_turn_per_100km"":0.0,""living_zone_outside_segment_risk_events_per_100km"":4.4215,""baseline_living_zone_outside_segment_count"":4,""baseline_living_zone_outside_segment_ratio"":0.1176,""baseline_living_zone_outside_segment_km"":73.15,""baseline_living_zone_outside_segment_distance_ratio"":0.0982,""baseline_living_zone_outside_segment_risk_events_per_100km"":5.4682,""baseline_living_zone_outside_segment_night_ratio"":0.0,""living_zone_outside_segment_ratio_delta"":0.049,""living_zone_outside_segment_distance_ratio_delta"":0.0815,""living_zone_outside_segment_risk_events_delta_per_100km"":-1.0467,""living_zone_outside_segment_night_ratio_delta"":0.3789,""living_zone_outside_segment_risk_change_score"":33.15}",0,기본,기본,일부 생활권 밖 주행은 있으나 고위험 변화는 제한적,기존 마일리지/안전운전 혜택 판단은 유지 가능,추가 데이터 확보 후 재평가 가능
cust_019,driver_019,in_zone_risky_low_mileage,78.01,67.17,74.45,20.82,27.93,45.98,20.82,32.38,1106.61,1106.61,1106.61,30,0.9,24.71,30,0.9,1.0,30,0.9,264.07,start_or_end_distance_gt_living_zone_departure_p90_threshold_m,2,0.125,43.01,0.131,0.0,2,0,0,0,2,4.6501,0.0,0.0,0.0,4.6501,3,0.1,55.5,0.0913,3.6036,0.0,0.025,0.0397,1.0465,0.0,9.86,"{""zone_buffer_m"":1106.61,""living_zone_departure_p90_raw_m"":1106.61,""living_zone_departure_p90_threshold_m"":1106.61,""living_zone_departure_threshold_sample_count"":30,""living_zone_departure_threshold_percentile"":0.9,""baseline_trip_distance_p90_km"":24.71,""baseline_trip_distance_threshold_sample_count"":30,""baseline_trip_distance_threshold_percentile"":0.9,""baseline_movement_frequency_p90_per_day"":1.0,""baseline_movement_frequency_threshold_sample_count"":30,""baseline_movement_frequency_threshold_percentile"":0.9,""primary_zone_p90_radius_m"":264.07}","{""living_zone_outside_segment_criteria"":""start_or_end_distance_gt_living_zone_departure_p90_threshold_m"",""living_zone_outside_segment_count"":2,""living_zone_outside_segment_ratio"":0.125,""living_zone_outside_segment_km"":43.01,""living_zone_outside_segment_distance_ratio"":0.131,""living_zone_outside_segment_night_ratio"":0.0,""living_zone_outside_segment_speeding_count"":2,""living_zone_outside_segment_harsh_accel_count"":0,""living_zone_outside_segment_harsh_brake_count"":0,""living_zone_outside_segment_sharp_turn_count"":0,""living_zone_outside_segment_risk_event_count"":2,""living_zone_outside_segment_speeding_per_100km"":4.6501,""living_zone_outside_segment_harsh_accel_per_100km"":0.0,""living_zone_outside_segment_harsh_brake_per_100km"":0.0,""living_zone_outside_segment_sharp_turn_per_100km"":0.0,""living_zone_outside_segment_risk_events_per_100km"":4.6501,""baseline_living_zone_outside_segment_count"":3,""baseline_living_zone_outside_segment_ratio"":0.1,""baseline_living_zone_outside_segment_km"":55.5,""baseline_living_zone_outside_segment_distance_ratio"":0.0913,""baseline_living_zone_outside_segment_risk_events_per_100km"":3.6036,""baseline_living_zone_outside_segment_night_ratio"":0.0,""living_zone_outside_segment_ratio_delta"":0.025,""living_zone_outside_segment_distance_ratio_delta"":0.0397,""living_zone_outside_segment_risk_events_delta_per_100km"":1.0465,""living_zone_outside_segment_night_ratio_delta"":0.0,""living_zone_outside_segment_risk_change_score"":9.86}",0,기본,기본,일부 생활권 밖 주행은 있으나 고위험 변화는 제한적,기존 마일리지/안전운전 혜택 판단은 유지 가능,추가 데이터 확보 후 재평가 가능
cust_020,driver_020,in_zone_risky_low_mileage,86.43,73.47,83.7,3.4,37.59,23.13,3.4,14.31,1165.17,1165.17,1165.17,24,0.9,24.64,24,0.9,1.0,24,0.9,226.77,start_or_end_distance_gt_living_zone_departure_p90_threshold_m,1,0.0833,25.76,0.0971,0.0,0,0,0,0,0,0.0,0.0,0.0,0.0,0.0,3,0.125,57.82,0.1231,0.0,0.0,-0.0417,-0.026,0.0,0.0,0.0,"{""zone_buffer_m"":1165.17,""living_zone_departure_p90_raw_m"":1165.17,""living_zone_departure_p90_threshold_m"":1165.17,""living_zone_departure_threshold_sample_count"":24,""living_zone_departure_threshold_percentile"":0.9,""baseline_trip_distance_p90_km"":24.64,""baseline_trip_distance_threshold_sample_count"":24,""baseline_trip_distance_threshold_percentile"":0.9,""baseline_movement_frequency_p90_per_day"":1.0,""baseline_movement_frequency_threshold_sample_count"":24,""baseline_movement_frequency_threshold_percentile"":0.9,""primary_zone_p90_radius_m"":226.77}","{""living_zone_outside_segment_criteria"":""start_or_end_distance_gt_living_zone_departure_p90_threshold_m"",""living_zone_outside_segment_count"":1,""living_zone_outside_segment_ratio"":0.0833,""living_zone_outside_segment_km"":25.76,""living_zone_outside_segment_distance_ratio"":0.0971,""living_zone_outside_segment_night_ratio"":0.0,""living_zone_outside_segment_speeding_count"":0,""living_zone_outside_segment_harsh_accel_count"":0,""living_zone_outside_segment_harsh_brake_count"":0,""living_zone_outside_segment_sharp_turn_count"":0,""living_zone_outside_segment_risk_event_count"":0,""living_zone_outside_segment_speeding_per_100km"":0.0,""living_zone_outside_segment_harsh_accel_per_100km"":0.0,""living_zone_outside_segment_harsh_brake_per_100km"":0.0,""living_zone_outside_segment_sharp_turn_per_100km"":0.0,""living_zone_outside_segment_risk_events_per_100km"":0.0,""baseline_living_zone_outside_segment_count"":3,""baseline_living_zone_outside_segment_ratio"":0.125,""baseline_living_zone_outside_segment_km"":57.82,""baseline_living_zone_outside_segment_distance_ratio"":0.1231,""baseline_living_zone_outside_segment_risk_events_per_100km"":0.0,""baseline_living_zone_outside_segment_night_ratio"":0.0,""living_zone_outside_segment_ratio_delta"":-0.0417,""living_zone_outside_segment_distance_ratio_delta"":-0.026,""living_zone_outside_segment_risk_events_delta_per_100km"":0.0,""living_zone_outside_segment_night_ratio_delta"":0.0,""living_zone_outside_segment_risk_change_score"":0.0}",0,우대,우대,Senior Safe Mileage Score가 우대 구간에 있음,생활권 내외 위험변화가 낮음,최근 운전패턴이 평소와 유사함
cust_021,driver_021,medical_visit_pattern,96.38,46.15,76.25,20.61,0.0,19.39,20.61,16.66,2000.0,10117.26,2000.0,33,0.9,36.47,33,0.9,1.0,33,0.9,715.03,start_or_end_distance_gt_living_zone_departure_p90_threshold_m,4,0.2353,127.33,0.2365,0.0,0,0,2,0,2,0.0,0.0,1.5707,0.0,1.5707,7,0.2121,212.21,0.2092,0.4712,0.0,0.0232,0.0273,1.0995,0.0,8.91,"{""zone_buffer_m"":2000.0,""living_zone_departure_p90_raw_m"":10117.26,""living_zone_departure_p90_threshold_m"":2000.0,""living_zone_departure_threshold_sample_count"":33,""living_zone_departure_threshold_percentile"":0.9,""baseline_trip_distance_p90_km"":36.47,""baseline_trip_distance_threshold_sample_count"":33,""baseline_trip_distance_threshold_percentile"":0.9,""baseline_movement_frequency_p90_per_day"":1.0,""baseline_movement_frequency_threshold_sample_count"":33,""baseline_movement_frequency_threshold_percentile"":0.9,""primary_zone_p90_radius_m"":715.03}","{""living_zone_outside_segment_criteria"":""start_or_end_distance_gt_living_zone_departure_p90_threshold_m"",""living_zone_outside_segment_count"":4,""living_zone_outside_segment_ratio"":0.2353,""living_zone_outside_segment_km"":127.33,""living_zone_outside_segment_distance_ratio"":0.2365,""living_zone_outside_segment_night_ratio"":0.0,""living_zone_outside_segment_speeding_count"":0,""living_zone_outside_segment_harsh_accel_count"":0,""living_zone_outside_segment_harsh_brake_count"":2,""living_zone_outside_segment_sharp_turn_count"":0,""living_zone_outside_segment_risk_event_count"":2,""living_zone_outside_segment_speeding_per_100km"":0.0,""living_zone_outside_segment_harsh_accel_per_100km"":0.0,""living_zone_outside_segment_harsh_brake_per_100km"":1.5707,""living_zone_outside_segment_sharp_turn_per_100km"":0.0,""living_zone_outside_segment_risk_events_per_100km"":1.5707,""baseline_living_zone_outside_segment_count"":7,""baseline_living_zone_outside_segment_ratio"":0.2121,""baseline_living_zone_outside_segment_km"":212.21,""baseline_living_zone_outside_segment_distance_ratio"":0.2092,""baseline_living_zone_outside_segment_risk_events_per_100km"":0.4712,""baseline_living_zone_outside_segment_night_ratio"":0.0,""living_zone_outside_segment_ratio_delta"":0.0232,""living_zone_outside_segment_distance_ratio_delta"":0.0273,""living_zone_outside_segment_risk_events_delta_per_100km"":1.0995,""living_zone_outside_segment_night_ratio_delta"":0.0,""living_zone_outside_segment_risk_change_score"":8.91}",0,기본,기본,일부 생활권 밖 주행은 있으나 고위험 변화는 제한적,기존 마일리지/안전운전 혜택 판단은 유지 가능,추가 데이터 확보 후 재평가 가능
cust_022,driver_022,medical_visit_pattern,96.49,51.89,79.35,13.67,0.0,15.12,13.67,12.29,2000.0,8822.77,2000.0,30,0.9,36.89,30,0.9,1.0,30,0.9,844.6,start_or_end_distance_gt_living_zone_departure_p90_threshold_m,4,0.25,130.3,0.2709,0.0,1,0,0,0,1,0.7675,0.0,0.0,0.0,0.7675,7,0.2333,215.8,0.233,1.8536,0.0,0.0167,0.0378,-1.0861,0.0,3.78,"{""zone_buffer_m"":2000.0,""living_zone_departure_p90_raw_m"":8822.77,""living_zone_departure_p90_threshold_m"":2000.0,""living_zone_departure_threshold_sample_count"":30,""living_zone_departure_threshold_percentile"":0.9,""baseline_trip_distance_p90_km"":36.89,""baseline_trip_distance_threshold_sample_count"":30,""baseline_trip_distance_threshold_percentile"":0.9,""baseline_movement_frequency_p90_per_day"":1.0,""baseline_movement_frequency_threshold_sample_count"":30,""baseline_movement_frequency_threshold_percentile"":0.9,""primary_zone_p90_radius_m"":844.6}","{""living_zone_outside_segment_criteria"":""start_or_end_distance_gt_living_zone_departure_p90_threshold_m"",""living_zone_outside_segment_count"":4,""living_zone_outside_segment_ratio"":0.25,""living_zone_outside_segment_km"":130.3,""living_zone_outside_segment_distance_ratio"":0.2709,""living_zone_outside_segment_night_ratio"":0.0,""living_zone_outside_segment_speeding_count"":1,""living_zone_outside_segment_harsh_accel_count"":0,""living_zone_outside_segment_harsh_brake_count"":0,""living_zone_outside_segment_sharp_turn_count"":0,""living_zone_outside_segment_risk_event_count"":1,""living_zone_outside_segment_speeding_per_100km"":0.7675,""living_zone_outside_segment_harsh_accel_per_100km"":0.0,""living_zone_outside_segment_harsh_brake_per_100km"":0.0,""living_zone_outside_segment_sharp_turn_per_100km"":0.0,""living_zone_outside_segment_risk_events_per_100km"":0.7675,""baseline_living_zone_outside_segment_count"":7,""baseline_living_zone_outside_segment_ratio"":0.2333,""baseline_living_zone_outside_segment_km"":215.8,""baseline_living_zone_outside_segment_distance_ratio"":0.233,""baseline_living_zone_outside_segment_risk_events_per_100km"":1.8536,""baseline_living_zone_outside_segment_night_ratio"":0.0,""living_zone_outside_segment_ratio_delta"":0.0167,""living_zone_outside_segment_distance_ratio_delta"":0.0378,""living_zone_outside_segment_risk_events_delta_per_100km"":-1.0861,""living_zone_outside_segment_night_ratio_delta"":0.0,""living_zone_outside_segment_risk_change_score"":3.78}",0,기본,기본,일부 생활권 밖 주행은 있으나 고위험 변화는 제한적,기존 마일리지/안전운전 혜택 판단은 유지 가능,추가 데이터 확보 후 재평가 가능
cust_023,driver_023,medical_visit_pattern,95.36,42.87,75.78,12.69,0.0,17.71,12.69,13.34,2000.0,8963.83,2000.0,37,0.9,36.15,37,0.9,1.0,37,0.9,1079.78,start_or_end_distance_gt_living_zone_departure_p90_threshold_m,5,0.25,144.07,0.2522,0.0,0,0,1,0,1,0.0,0.0,0.6941,0.0,0.6941,9,0.2432,265.73,0.2426,1.8816,0.1235,0.0068,0.0096,-1.1875,-0.1235,0.96,"{""zone_buffer_m"":2000.0,""living_zone_departure_p90_raw_m"":8963.83,""living_zone_departure_p90_threshold_m"":2000.0,""living_zone_departure_threshold_sample_count"":37,""living_zone_departure_threshold_percentile"":0.9,""baseline_trip_distance_p90_km"":36.15,""baseline_trip_distance_threshold_sample_count"":37,""baseline_trip_distance_threshold_percentile"":0.9,""baseline_movement_frequency_p90_per_day"":1.0,""baseline_movement_frequency_threshold_sample_count"":37,""baseline_movement_frequency_threshold_percentile"":0.9,""primary_zone_p90_radius_m"":1079.78}","{""living_zone_outside_segment_criteria"":""start_or_end_distance_gt_living_zone_departure_p90_threshold_m"",""living_zone_outside_segment_count"":5,""living_zone_outside_segment_ratio"":0.25,""living_zone_outside_segment_km"":144.07,""living_zone_outside_segment_distance_ratio"":0.2522,""living_zone_outside_segment_night_ratio"":0.0,""living_zone_outside_segment_speeding_count"":0,""living_zone_outside_segment_harsh_accel_count"":0,""living_zone_outside_segment_harsh_brake_count"":1,""living_zone_outside_segment_sharp_turn_count"":0,""living_zone_outside_segment_risk_event_count"":1,""living_zone_outside_segment_speeding_per_100km"":0.0,""living_zone_outside_segment_harsh_accel_per_100km"":0.0,""living_zone_outside_segment_harsh_brake_per_100km"":0.6941,""living_zone_outside_segment_sharp_turn_per_100km"":0.0,""living_zone_outside_segment_risk_events_per_100km"":0.6941,""baseline_living_zone_outside_segment_count"":9,""baseline_living_zone_outside_segment_ratio"":0.2432,""baseline_living_zone_outside_segment_km"":265.73,""baseline_living_zone_outside_segment_distance_ratio"":0.2426,""baseline_living_zone_outside_segment_risk_events_per_100km"":1.8816,""baseline_living_zone_outside_segment_night_ratio"":0.1235,""living_zone_outside_segment_ratio_delta"":0.0068,""living_zone_outside_segment_distance_ratio_delta"":0.0096,""living_zone_outside_segment_risk_events_delta_per_100km"":-1.1875,""living_zone_outside_segment_night_ratio_delta"":-0.1235,""living_zone_outside_segment_risk_change_score"":0.96}",0,기본,기본,일부 생활권 밖 주행은 있으나 고위험 변화는 제한적,기존 마일리지/안전운전 혜택 판단은 유지 가능,추가 데이터 확보 후 재평가 가능
cust_024,driver_024,medical_visit_pattern,98.1,55.33,82.13,8.68,14.57,20.93,8.68,12.84,2000.0,9227.76,2000.0,27,0.9,34.89,27,0.9,1.0,27,0.9,324.63,start_or_end_distance_gt_living_zone_departure_p90_threshold_m,3,0.2143,92.46,0.207,0.0,0,0,0,0,0,0.0,0.0,0.0,0.0,0.0,5,0.1852,133.75,0.1865,0.0,0.0,0.0291,0.0205,0.0,0.0,2.05,"{""zone_buffer_m"":2000.0,""living_zone_departure_p90_raw_m"":9227.76,""living_zone_departure_p90_threshold_m"":2000.0,""living_zone_departure_threshold_sample_count"":27,""living_zone_departure_threshold_percentile"":0.9,""baseline_trip_distance_p90_km"":34.89,""baseline_trip_distance_threshold_sample_count"":27,""baseline_trip_distance_threshold_percentile"":0.9,""baseline_movement_frequency_p90_per_day"":1.0,""baseline_movement_frequency_threshold_sample_count"":27,""baseline_movement_frequency_threshold_percentile"":0.9,""primary_zone_p90_radius_m"":324.63}","{""living_zone_outside_segment_criteria"":""start_or_end_distance_gt_living_zone_departure_p90_threshold_m"",""living_zone_outside_segment_count"":3,""living_zone_outside_segment_ratio"":0.2143,""living_zone_outside_segment_km"":92.46,""living_zone_outside_segment_distance_ratio"":0.207,""living_zone_outside_segment_night_ratio"":0.0,""living_zone_outside_segment_speeding_count"":0,""living_zone_outside_segment_harsh_accel_count"":0,""living_zone_outside_segment_harsh_brake_count"":0,""living_zone_outside_segment_sharp_turn_count"":0,""living_zone_outside_segment_risk_event_count"":0,""living_zone_outside_segment_speeding_per_100km"":0.0,""living_zone_outside_segment_harsh_accel_per_100km"":0.0,""living_zone_outside_segment_harsh_brake_per_100km"":0.0,""living_zone_outside_segment_sharp_turn_per_100km"":0.0,""living_zone_outside_segment_risk_events_per_100km"":0.0,""baseline_living_zone_outside_segment_count"":5,""baseline_living_zone_outside_segment_ratio"":0.1852,""baseline_living_zone_outside_segment_km"":133.75,""baseline_living_zone_outside_segment_distance_ratio"":0.1865,""baseline_living_zone_outside_segment_risk_events_per_100km"":0.0,""baseline_living_zone_outside_segment_night_ratio"":0.0,""living_zone_outside_segment_ratio_delta"":0.0291,""living_zone_outside_segment_distance_ratio_delta"":0.0205,""living_zone_outside_segment_risk_events_delta_per_100km"":0.0,""living_zone_outside_segment_night_ratio_delta"":0.0,""living_zone_outside_segment_risk_change_score"":2.05}",0,우대,우대,Senior Safe Mileage Score가 우대 구간에 있음,생활권 내외 위험변화가 낮음,최근 운전패턴이 평소와 유사함
cust_025,driver_025,medical_visit_pattern,95.41,46.06,74.42,29.53,0.0,16.68,29.53,18.76,2000.0,10409.04,2000.0,36,0.9,34.84,36,0.9,1.0,36,0.9,941.49,start_or_end_distance_gt_living_zone_departure_p90_threshold_m,4,0.2105,96.34,0.1786,0.2477,1,1,0,1,3,1.038,1.038,0.0,1.038,3.114,8,0.2222,219.06,0.2102,0.4565,0.0,-0.0117,-0.0316,2.6575,0.2477,35.59,"{""zone_buffer_m"":2000.0,""living_zone_departure_p90_raw_m"":10409.04,""living_zone_departure_p90_threshold_m"":2000.0,""living_zone_departure_threshold_sample_count"":36,""living_zone_departure_threshold_percentile"":0.9,""baseline_trip_distance_p90_km"":34.84,""baseline_trip_distance_threshold_sample_count"":36,""baseline_trip_distance_threshold_percentile"":0.9,""baseline_movement_frequency_p90_per_day"":1.0,""baseline_movement_frequency_threshold_sample_count"":36,""baseline_movement_frequency_threshold_percentile"":0.9,""primary_zone_p90_radius_m"":941.49}","{""living_zone_outside_segment_criteria"":""start_or_end_distance_gt_living_zone_departure_p90_threshold_m"",""living_zone_outside_segment_count"":4,""living_zone_outside_segment_ratio"":0.2105,""living_zone_outside_segment_km"":96.34,""living_zone_outside_segment_distance_ratio"":0.1786,""living_zone_outside_segment_night_ratio"":0.2477,""living_zone_outside_segment_speeding_count"":1,""living_zone_outside_segment_harsh_accel_count"":1,""living_zone_outside_segment_harsh_brake_count"":0,""living_zone_outside_segment_sharp_turn_count"":1,""living_zone_outside_segment_risk_event_count"":3,""living_zone_outside_segment_speeding_per_100km"":1.038,""living_zone_outside_segment_harsh_accel_per_100km"":1.038,""living_zone_outside_segment_harsh_brake_per_100km"":0.0,""living_zone_outside_segment_sharp_turn_per_100km"":1.038,""living_zone_outside_segment_risk_events_per_100km"":3.114,""baseline_living_zone_outside_segment_count"":8,""baseline_living_zone_outside_segment_ratio"":0.2222,""baseline_living_zone_outside_segment_km"":219.06,""baseline_living_zone_outside_segment_distance_ratio"":0.2102,""baseline_living_zone_outside_segment_risk_events_per_100km"":0.4565,""baseline_living_zone_outside_segment_night_ratio"":0.0,""living_zone_outside_segment_ratio_delta"":-0.0117,""living_zone_outside_segment_distance_ratio_delta"":-0.0316,""living_zone_outside_segment_risk_events_delta_per_100km"":2.6575,""living_zone_outside_segment_night_ratio_delta"":0.2477,""living_zone_outside_segment_risk_change_score"":35.59}",0,기본,기본,일부 생활권 밖 주행은 있으나 고위험 변화는 제한적,기존 마일리지/안전운전 혜택 판단은 유지 가능,추가 데이터 확보 후 재평가 가능
cust_026,driver_026,irregular_family_support,93.7,41.17,72.37,25.68,0.0,28.55,25.68,23.1,2000.0,9322.8,2000.0,30,0.9,39.8,30,0.9,1.0,30,0.9,1175.97,start_or_end_distance_gt_living_zone_departure_p90_threshold_m,5,0.2941,179.8,0.3056,0.0,0,1,0,0,1,0.0,0.5562,0.0,0.0,0.5562,4,0.1333,131.09,0.129,2.2885,0.0,0.1608,0.1766,-1.7323,0.0,17.66,"{""zone_buffer_m"":2000.0,""living_zone_departure_p90_raw_m"":9322.8,""living_zone_departure_p90_threshold_m"":2000.0,""living_zone_departure_threshold_sample_count"":30,""living_zone_departure_threshold_percentile"":0.9,""baseline_trip_distance_p90_km"":39.8,""baseline_trip_distance_threshold_sample_count"":30,""baseline_trip_distance_threshold_percentile"":0.9,""baseline_movement_frequency_p90_per_day"":1.0,""baseline_movement_frequency_threshold_sample_count"":30,""baseline_movement_frequency_threshold_percentile"":0.9,""primary_zone_p90_radius_m"":1175.97}","{""living_zone_outside_segment_criteria"":""start_or_end_distance_gt_living_zone_departure_p90_threshold_m"",""living_zone_outside_segment_count"":5,""living_zone_outside_segment_ratio"":0.2941,""living_zone_outside_segment_km"":179.8,""living_zone_outside_segment_distance_ratio"":0.3056,""living_zone_outside_segment_night_ratio"":0.0,""living_zone_outside_segment_speeding_count"":0,""living_zone_outside_segment_harsh_accel_count"":1,""living_zone_outside_segment_harsh_brake_count"":0,""living_zone_outside_segment_sharp_turn_count"":0,""living_zone_outside_segment_risk_event_count"":1,""living_zone_outside_segment_speeding_per_100km"":0.0,""living_zone_outside_segment_harsh_accel_per_100km"":0.5562,""living_zone_outside_segment_harsh_brake_per_100km"":0.0,""living_zone_outside_segment_sharp_turn_per_100km"":0.0,""living_zone_outside_segment_risk_events_per_100km"":0.5562,""baseline_living_zone_outside_segment_count"":4,""baseline_living_zone_outside_segment_ratio"":0.1333,""baseline_living_zone_outside_segment_km"":131.09,""baseline_living_zone_outside_segment_distance_ratio"":0.129,""baseline_living_zone_outside_segment_risk_events_per_100km"":2.2885,""baseline_living_zone_outside_segment_night_ratio"":0.0,""living_zone_outside_segment_ratio_delta"":0.1608,""living_zone_outside_segment_distance_ratio_delta"":0.1766,""living_zone_outside_segment_risk_events_delta_per_100km"":-1.7323,""living_zone_outside_segment_night_ratio_delta"":0.0,""living_zone_outside_segment_risk_change_score"":17.66}",0,기본,기본,일부 생활권 밖 주행은 있으나 고위험 변화는 제한적,기존 마일리지/안전운전 혜택 판단은 유지 가능,추가 데이터 확보 후 재평가 가능
cust_027,driver_027,irregular_family_support,95.2,55.2,77.76,28.3,0.0,24.8,28.3,22.02,2000.0,9255.72,2000.0,26,0.9,39.25,26,0.9,1.0,26,0.9,842.33,start_or_end_distance_gt_living_zone_departure_p90_threshold_m,4,0.2667,112.63,0.2514,0.2292,1,0,0,1,2,0.8879,0.0,0.0,0.8879,1.7757,4,0.1538,135.85,0.1621,1.4722,0.0,0.1128,0.0893,0.3035,0.2292,29.74,"{""zone_buffer_m"":2000.0,""living_zone_departure_p90_raw_m"":9255.72,""living_zone_departure_p90_threshold_m"":2000.0,""living_zone_departure_threshold_sample_count"":26,""living_zone_departure_threshold_percentile"":0.9,""baseline_trip_distance_p90_km"":39.25,""baseline_trip_distance_threshold_sample_count"":26,""baseline_trip_distance_threshold_percentile"":0.9,""baseline_movement_frequency_p90_per_day"":1.0,""baseline_movement_frequency_threshold_sample_count"":26,""baseline_movement_frequency_threshold_percentile"":0.9,""primary_zone_p90_radius_m"":842.33}","{""living_zone_outside_segment_criteria"":""start_or_end_distance_gt_living_zone_departure_p90_threshold_m"",""living_zone_outside_segment_count"":4,""living_zone_outside_segment_ratio"":0.2667,""living_zone_outside_segment_km"":112.63,""living_zone_outside_segment_distance_ratio"":0.2514,""living_zone_outside_segment_night_ratio"":0.2292,""living_zone_outside_segment_speeding_count"":1,""living_zone_outside_segment_harsh_accel_count"":0,""living_zone_outside_segment_harsh_brake_count"":0,""living_zone_outside_segment_sharp_turn_count"":1,""living_zone_outside_segment_risk_event_count"":2,""living_zone_outside_segment_speeding_per_100km"":0.8879,""living_zone_outside_segment_harsh_accel_per_100km"":0.0,""living_zone_outside_segment_harsh_brake_per_100km"":0.0,""living_zone_outside_segment_sharp_turn_per_100km"":0.8879,""living_zone_outside_segment_risk_events_per_100km"":1.7757,""baseline_living_zone_outside_segment_count"":4,""baseline_living_zone_outside_segment_ratio"":0.1538,""baseline_living_zone_outside_segment_km"":135.85,""baseline_living_zone_outside_segment_distance_ratio"":0.1621,""baseline_living_zone_outside_segment_risk_events_per_100km"":1.4722,""baseline_living_zone_outside_segment_night_ratio"":0.0,""living_zone_outside_segment_ratio_delta"":0.1128,""living_zone_outside_segment_distance_ratio_delta"":0.0893,""living_zone_outside_segment_risk_events_delta_per_100km"":0.3035,""living_zone_outside_segment_night_ratio_delta"":0.2292,""living_zone_outside_segment_risk_change_score"":29.74}",0,기본,기본,일부 생활권 밖 주행은 있으나 고위험 변화는 제한적,기존 마일리지/안전운전 혜택 판단은 유지 가능,추가 데이터 확보 후 재평가 가능
cust_028,driver_028,irregular_family_support,93.79,32.13,66.27,46.76,0.0,26.11,46.76,29.36,2000.0,12001.4,2000.0,35,0.9,43.08,35,0.9,1.0,35,0.9,1037.58,start_or_end_distance_gt_living_zone_departure_p90_threshold_m,7,0.3333,213.82,0.3151,0.2584,1,0,4,0,5,0.4677,0.0,1.8707,0.0,2.3384,6,0.1714,213.36,0.1667,0.4687,0.0,0.1619,0.1484,1.8697,0.2584,46.89,"{""zone_buffer_m"":2000.0,""living_zone_departure_p90_raw_m"":12001.4,""living_zone_departure_p90_threshold_m"":2000.0,""living_zone_departure_threshold_sample_count"":35,""living_zone_departure_threshold_percentile"":0.9,""baseline_trip_distance_p90_km"":43.08,""baseline_trip_distance_threshold_sample_count"":35,""baseline_trip_distance_threshold_percentile"":0.9,""baseline_movement_frequency_p90_per_day"":1.0,""baseline_movement_frequency_threshold_sample_count"":35,""baseline_movement_frequency_threshold_percentile"":0.9,""primary_zone_p90_radius_m"":1037.58}","{""living_zone_outside_segment_criteria"":""start_or_end_distance_gt_living_zone_departure_p90_threshold_m"",""living_zone_outside_segment_count"":7,""living_zone_outside_segment_ratio"":0.3333,""living_zone_outside_segment_km"":213.82,""living_zone_outside_segment_distance_ratio"":0.3151,""living_zone_outside_segment_night_ratio"":0.2584,""living_zone_outside_segment_speeding_count"":1,""living_zone_outside_segment_harsh_accel_count"":0,""living_zone_outside_segment_harsh_brake_count"":4,""living_zone_outside_segment_sharp_turn_count"":0,""living_zone_outside_segment_risk_event_count"":5,""living_zone_outside_segment_speeding_per_100km"":0.4677,""living_zone_outside_segment_harsh_accel_per_100km"":0.0,""living_zone_outside_segment_harsh_brake_per_100km"":1.8707,""living_zone_outside_segment_sharp_turn_per_100km"":0.0,""living_zone_outside_segment_risk_events_per_100km"":2.3384,""baseline_living_zone_outside_segment_count"":6,""baseline_living_zone_outside_segment_ratio"":0.1714,""baseline_living_zone_outside_segment_km"":213.36,""baseline_living_zone_outside_segment_distance_ratio"":0.1667,""baseline_living_zone_outside_segment_risk_events_per_100km"":0.4687,""baseline_living_zone_outside_segment_night_ratio"":0.0,""living_zone_outside_segment_ratio_delta"":0.1619,""living_zone_outside_segment_distance_ratio_delta"":0.1484,""living_zone_outside_segment_risk_events_delta_per_100km"":1.8697,""living_zone_outside_segment_night_ratio_delta"":0.2584,""living_zone_outside_segment_risk_change_score"":46.89}",0,기본,기본,일부 생활권 밖 주행은 있으나 고위험 변화는 제한적,기존 마일리지/안전운전 혜택 판단은 유지 가능,추가 데이터 확보 후 재평가 가능
cust_029,driver_029,irregular_family_support,91.52,38.34,70.31,25.81,0.0,25.1,25.81,22.02,2000.0,10648.19,2000.0,33,0.9,42.36,33,0.9,1.0,33,0.9,958.39,start_or_end_distance_gt_living_zone_departure_p90_threshold_m,5,0.25,153.79,0.2494,0.0,3,0,0,2,5,1.9507,0.0,0.0,1.3005,3.2512,5,0.1515,191.25,0.1685,2.6144,0.0,0.0985,0.0809,0.6368,0.0,11.67,"{""zone_buffer_m"":2000.0,""living_zone_departure_p90_raw_m"":10648.19,""living_zone_departure_p90_threshold_m"":2000.0,""living_zone_departure_threshold_sample_count"":33,""living_zone_departure_threshold_percentile"":0.9,""baseline_trip_distance_p90_km"":42.36,""baseline_trip_distance_threshold_sample_count"":33,""baseline_trip_distance_threshold_percentile"":0.9,""baseline_movement_frequency_p90_per_day"":1.0,""baseline_movement_frequency_threshold_sample_count"":33,""baseline_movement_frequency_threshold_percentile"":0.9,""primary_zone_p90_radius_m"":958.39}","{""living_zone_outside_segment_criteria"":""start_or_end_distance_gt_living_zone_departure_p90_threshold_m"",""living_zone_outside_segment_count"":5,""living_zone_outside_segment_ratio"":0.25,""living_zone_outside_segment_km"":153.79,""living_zone_outside_segment_distance_ratio"":0.2494,""living_zone_outside_segment_night_ratio"":0.0,""living_zone_outside_segment_speeding_count"":3,""living_zone_outside_segment_harsh_accel_count"":0,""living_zone_outside_segment_harsh_brake_count"":0,""living_zone_outside_segment_sharp_turn_count"":2,""living_zone_outside_segment_risk_event_count"":5,""living_zone_outside_segment_speeding_per_100km"":1.9507,""living_zone_outside_segment_harsh_accel_per_100km"":0.0,""living_zone_outside_segment_harsh_brake_per_100km"":0.0,""living_zone_outside_segment_sharp_turn_per_100km"":1.3005,""living_zone_outside_segment_risk_events_per_100km"":3.2512,""baseline_living_zone_outside_segment_count"":5,""baseline_living_zone_outside_segment_ratio"":0.1515,""baseline_living_zone_outside_segment_km"":191.25,""baseline_living_zone_outside_segment_distance_ratio"":0.1685,""baseline_living_zone_outside_segment_risk_events_per_100km"":2.6144,""baseline_living_zone_outside_segment_night_ratio"":0.0,""living_zone_outside_segment_ratio_delta"":0.0985,""living_zone_outside_segment_distance_ratio_delta"":0.0809,""living_zone_outside_segment_risk_events_delta_per_100km"":0.6368,""living_zone_outside_segment_night_ratio_delta"":0.0,""living_zone_outside_segment_risk_change_score"":11.67}",0,기본,기본,일부 생활권 밖 주행은 있으나 고위험 변화는 제한적,기존 마일리지/안전운전 혜택 판단은 유지 가능,추가 데이터 확보 후 재평가 가능
cust_030,driver_030,irregular_family_support,91.31,27.31,65.47,31.55,0.0,26.31,31.55,24.62,2000.0,12465.6,2000.0,36,0.9,43.13,36,0.9,1.0,36,0.9,1125.24,start_or_end_distance_gt_living_zone_departure_p90_threshold_m,6,0.2727,212.37,0.2922,0.0,0,0,3,2,5,0.0,0.0,1.4126,0.9418,2.3544,6,0.1667,200.06,0.1544,1.9994,0.14,0.1061,0.1377,0.355,-0.14,15.77,"{""zone_buffer_m"":2000.0,""living_zone_departure_p90_raw_m"":12465.6,""living_zone_departure_p90_threshold_m"":2000.0,""living_zone_departure_threshold_sample_count"":36,""living_zone_departure_threshold_percentile"":0.9,""baseline_trip_distance_p90_km"":43.13,""baseline_trip_distance_threshold_sample_count"":36,""baseline_trip_distance_threshold_percentile"":0.9,""baseline_movement_frequency_p90_per_day"":1.0,""baseline_movement_frequency_threshold_sample_count"":36,""baseline_movement_frequency_threshold_percentile"":0.9,""primary_zone_p90_radius_m"":1125.24}","{""living_zone_outside_segment_criteria"":""start_or_end_distance_gt_living_zone_departure_p90_threshold_m"",""living_zone_outside_segment_count"":6,""living_zone_outside_segment_ratio"":0.2727,""living_zone_outside_segment_km"":212.37,""living_zone_outside_segment_distance_ratio"":0.2922,""living_zone_outside_segment_night_ratio"":0.0,""living_zone_outside_segment_speeding_count"":0,""living_zone_outside_segment_harsh_accel_count"":0,""living_zone_outside_segment_harsh_brake_count"":3,""living_zone_outside_segment_sharp_turn_count"":2,""living_zone_outside_segment_risk_event_count"":5,""living_zone_outside_segment_speeding_per_100km"":0.0,""living_zone_outside_segment_harsh_accel_per_100km"":0.0,""living_zone_outside_segment_harsh_brake_per_100km"":1.4126,""living_zone_outside_segment_sharp_turn_per_100km"":0.9418,""living_zone_outside_segment_risk_events_per_100km"":2.3544,""baseline_living_zone_outside_segment_count"":6,""baseline_living_zone_outside_segment_ratio"":0.1667,""baseline_living_zone_outside_segment_km"":200.06,""baseline_living_zone_outside_segment_distance_ratio"":0.1544,""baseline_living_zone_outside_segment_risk_events_per_100km"":1.9994,""baseline_living_zone_outside_segment_night_ratio"":0.14,""living_zone_outside_segment_ratio_delta"":0.1061,""living_zone_outside_segment_distance_ratio_delta"":0.1377,""living_zone_outside_segment_risk_events_delta_per_100km"":0.355,""living_zone_outside_segment_night_ratio_delta"":-0.14,""living_zone_outside_segment_risk_change_score"":15.77}",0,기본,기본,일부 생활권 밖 주행은 있으나 고위험 변화는 제한적,기존 마일리지/안전운전 혜택 판단은 유지 가능,추가 데이터 확보 후 재평가 가능
